{"cameraMode":{"drawMode":0,"name":"Shaded","section":"Shading Mode"},"sceneLighting":false,"audioPlay":false,"sceneViewState":{"showFog":true,"showMaterialUpdate":false,"showSkybox":false,"showFlares":true,"showImageEffects":true,"showParticleSystems":true},"in2DMode":false,"pivot":{"x":-0.002274155616760254,"y":0.722565233707428,"z":-0.141937255859375},"rotation":{"x":-0.026240482926368715,"y":0.9392013549804688,"z":-0.07369755208492279,"w":-0.33435919880867007},"size":8.638263702392579,"orthographic":false}