{"cameraMode":{"drawMode":0,"name":"Shaded","section":"Shading Mode"},"sceneLighting":true,"audioPlay":false,"sceneViewState":{"showFog":true,"showMaterialUpdate":false,"showSkybox":true,"showFlares":true,"showImageEffects":true,"showParticleSystems":true},"in2DMode":false,"pivot":{"x":-1.72833251953125,"y":1.6474609375,"z":4.9892578125},"rotation":{"x":-0.0013250051997601987,"y":-0.9751572608947754,"z":0.005850969813764095,"w":-0.2216220200061798},"size":2.2201504707336427,"orthographic":true}